定常監視で「山手貨　池袋 電子BSRH　MTDレベル低下･妨害波･残留警報レベル･未通過検知5架･6架」を検知。システム監視で「池袋(列) 不正落下 715ﾛT」発生及び「池袋(列) 不正落下 YA1T」発生/回復を検知。ジャーナルを確認したところ、出564Kが軌道回路715ﾛT進入時に715ﾛTが落下のままとなり、YA1Tが複数回動作落下を繰り返していることが判明。信号係員と施設係員が合同で現地確認したところ、YA1Tと715ﾛTの間の絶縁に鉄片が介在してることが判明。介在物を取り除き、軌道回路データ及び現車で異常がないことを確認した。	1
定常で「山手貨 池袋 池袋ＭＲＨ デジタルＡＴＣ Ｉ／Ｆ装置 片系故障」発生を検知。Ｄ－ＡＴＣ中央端末にて「警報 池袋 ＡＴＣＩ／Ｆ故障 2系 運転モード（従系）」発生を検知。現地確認したところATC-I/F 2系ﾕﾆｯﾄの故障ランプが点灯していた。メーカーに連絡をとり確認したところ、F486-4のシート故障と判断し交換して復旧した。	2
定常監視にて「山手貨　池袋　電子MRH　MTDﾚﾍﾞﾙ低下・妨害波・残留警報ﾚﾍﾞﾙ・未通過検知1架」を検知。その後、システム監視端末にて「池袋(列)　不正落下発生　719T」および定常監視にて「山手貨　電子連動ｱﾀﾞﾌﾟﾀ 電子MRH　軌道回路故障」が発生し、3分後に回復した。ATOSｼﾞｬｰﾅﾙを解析したところ、719Tの内方隣接軌道回路の720ﾛTが扛上した際に719Tが落下したままであり、軌道回路(MTD)ｼﾞｬｰﾅﾙを解析したところ、719Tに列車が進入した際に残留危険ﾚﾍﾞﾙ検知が発生し、軌道回路に動作時素30秒が働いたため、719Tの落下時間が長くなったと判明した。施設係員と現地合同調査したところ、719Tと上1Tの絶縁の間に鉄片が介在していた。介在物を取り除き、現車で異常がないことを確認。軌道回路データにも異常がないことを確認した。	1
定常監視にて「山手貨 池袋 電子MRH MTDレベル低下・妨害波・残留警報レベル・未通過検知2架」を検知。その後、システム監視にて「埼京山貨 池袋（列）不正落下発生」および定常監視にて「山手貨 池袋 電子連動アダプタ 電子MRH 軌道回路故障」発生を検知。２分後に回復した。ATOSジャーナルを解析したところ、720イTの内方隣接軌道回路の721Tが扛上した際に720イTが落下したままであり、軌道回路（MTD）ジャーナルを解析したところ、720イTに残留警報が発生していることが判明した。施設係員と現地合同調査したところ、分岐器、絶縁、レールボンド廻りに異常は見られず鉄片等の介在物も無かった。	1
定常監視にて「山手　新宿　列防動作　新宿　山内（山上TEM（電車））」「山手　新宿　画像式転落検知装置（電車）14番線　軽故障R」「山手　新宿　画像式転落検知装置（電車）14番線　重故障R」「山手　新宿　画像式転落検知動作（電車）14番線」を検知。その後、新宿駅にて作業を行っていた信号係員より作業中に不要なｹｰﾌﾞﾙを引き抜いていたところ、跳ねたｹｰﾌﾞﾙが画像式転落検知装置の電源SWに当たり電源が切れてしまったとの連絡が入り、電源を再投入し故障回復となった。現場の確認作業を行い、その後異常の無いことを確認した。	0
定常にて「山手貨　池袋　P-新宿池袋上4　中継器（RP）NO.1故障」を検知。信号係員が現地確認したところ上4-1のクロージャ内に水が浸入していることが判明した。また、輸送一斉にて「池袋～新宿　上3付近で1418Fがパターン接近」の伝達。その後、列車数本にて同様の伝達。現地作業中の信号係員が上4-1地上子への回線を切り離し使用停止をした。後日、クロージャの交換を行うこととした。	2
定常監視にて「山手貨　池袋　接点21 電子BSRH　MTDレベル低下・妨害波・残留警報レベル・未通過検知5架」「山手貨　池袋　接点21 電子BSRH　MTDレベル低下・妨害波・残留警報レベル・未通過検知6架」検知。システム監視では「池袋(列)　不正落下発生　YA2T」「池袋(列)　軌道回路故障回復　YA2T」を検知し、その後に「池袋(列)　不正落下発生　YA1T」「池袋(列)　軌道回路故障回復　YA1T」を検知した。ジャーナル確認したところ、列車非在線時に軌道回路YA1TとYA2Tが数回落下しているのを認めた。施設係員と合同で現地確認したところ、YA1TとYA2Tの間の絶縁に鉄片が介在しているのを認めた。鉄片を取り除き故障は回復。軌道回路データおよび現車にて異常のないことを確認した。	1
定常監視にて「山手貨 池袋 P-新宿池袋下1 符号処理器(EC)故障」及び「山手貨 新宿 P-新宿～池袋下1(田端M) 符号処理器(EC)故障」発生/回復を検知。以後多発。信号係員に対応を指示。現地確認したところ、下1ECにおいてOPM-Aシートの異常を確認。当該シートの交換を行い回復。定常にてアラームなしを確認。現地引上げた。	2
定常監視にて「山手貨　大崎　大崎列車RH電子連動新型　軌道回路故障」発生／回復及びシステム監視にて「埼京山貨　大崎(列)　不正落下　165T」発生／回復を検知。その後、輸送一斉にて「山手貨物線大崎駅構内165T不正落下の発生／回復を検知し、列番もシフトした」との伝達。信号指令にてATOSジャーナルを確認したところ列車が非在線時に約4秒間落下していることが判明した。施設係員と合同で調査したところ、分岐廻り、ボンド及び絶縁等のレール廻りに異常が無いことを確認し、メモリーハイコーダを設置し監視することとした。	1
システム監視にて「山手　大崎（電）転てつ器　再転換発生　４４　１ＲＡ」を２回検知、その後「山手大崎（電）　転てつ器転換異常　４４　１ＲＡ」及び定常監視にて「山手　大崎電車ＲＨ　新型電子連動新型　転てつ機故障（転換不能）」を検知。駅扱所に確認したところ、４４号転てつ機が反位から定位へ転換時に発生する事を確認した。駅係員が現場確認したところ、転てつ機周りに異常は見られず転換も行うが、定位側が密着しない事が判明した。信号係員が施設係員と合同で現場を調査したところ、４４号定位側のトングレールと基本レールの間にボルト片が介在していた事が判明。ボルト片を除去し転換試験にて異常無しを確認、現車でも異常の無いことを確認した。	3
システム監視にて「渋谷　旅客#1　出発時機表示器　ｱﾄﾞﾚｽ3a　応答無し」及び同駅内の各出発時機表示器の発生/回復を多数検知。システム監視の警報履歴を確認したところアドレス04～07の故障が発生のままと判明。信号係員現地確認したところ、埼京線4番線ホームの立番用/車掌兼用の出発時機表示器上SG1-2が不良と判明、使用停止手配を行った。その後山手線ホームの全ての出発時機表示器の電源の切/入をし点灯試験を行うも、点灯しないことが判明。電報にて使用停止手配を行い、後日調査することとした。	4
輸送一斉にて「2780E運転士より山手貨物線　池袋～田端操　下り第一閉そく信号機にてYY→R→G現示煽りが発生し、ATS-P動作で現在停車中」伝達。信号指令にてATOSｼﾞｬｰﾅﾙを解析し、下1T軌道回路が列車進入時に煽っていることが判明。施設指令に合同調査を要請し、信号係員に現地出動を指示。確認したところﾚｰﾙ周り及び各種ﾘﾚｰ状態に異常はなく、列車接近時においてもﾃﾞｰﾀの変動は見受けられなかったが、軌道ﾘﾚｰの交換とﾒﾓﾘｰﾊｲｺｰﾀﾞを設置し監視することとした。	1
輸送一斉より「山手線　駒込～田端間　第二中里踏切で人身事故発生」の伝達。状況確認したところ、内回り1702G列車が踏切に進入の際、進行左から進入した公衆と衝撃したことが判明。現地確認したところ、踏切設備に異常はなく正常動作を確認した。遮断桿の高さＷＢ１＝850mm、ＷＢ２＝790mm、ＷＢ３＝850mm、ＷＢ４＝790mm　しゃ断桿の離れ　ＷＢ１、ＷＢ３間＝10mm　ＷＢ２、ＷＢ４間＝10mm　踏切VAMでの警報時間41秒　現車での警報時間53秒で踏切設備異常なし。	5
輸送一斉にて「815G乗務員よりドア開閉しない」伝達。機械技セにて、現地確認したところ、制御器内の基盤のエラーを確認し、電源入切にて回復。原因が判明しないため大崎1番線および3番線のP0地上子を有電源から無電源に変更。原因については、施設系統にて9月1日・9月2日の夜間作業に調査予定。	0
定常監視にて「山手　池袋　池袋MSH　列防動作　目白　山手内回り(1番線)」発生を検知。その後回復するも、再度発生回復を２回検知。輸送一斉にて「山手線目白駅内回りにて検知マット動作。駅係員が現地確認するも異常無しで復帰扱いしたが再度検知。検知マット切る手配中」伝達。目白駅社員に確認したところ、山手内回り５ブロックにて検知していることが判明。信号係員が現地調査したところ、５ブロック目のマットの不良を確認。夜間にて詳細調査を行い、5ブロックの4番目のマット～JB間のケーブルが鼠害により不良と判明。ケーブルを交換を行い、試験にて異常のないことを確認した。	6
システム監視にて「大崎（電） FX 2E 転てつ器再転換 発生 63 6RQ」検知。ジャーナルを解析したところ4番線から6RQを構成する際、N→Rの転換時にリトライが発生したことが判明。信号係員が施設係員と合同で調査したところ、転てつ機のロックの状態は正常、現場回りに異常が無い事を確認。N→Rの動作電流を測定したところ9.6A、床板部に油切れを見つけ注油したが、特に転換状態は変わら無かった。夜間作業にて確認したところ、従動クランプ部の転換面に擦れた跡があり、油が十分行き渡っていないことが判明。各部注油をし、油を馴染ませた結果負荷トルクが下がり、異常がない事を確認した。	3
定常監視にて「山手 池袋 池袋電MRH 画像式転落検知装置(山手 外回 7番線)重故障」発生回復を2回検知。池袋駅より「山手線外回り7番線のカメラ2でブザーが鳴って診断異常が発生した。一度使用停止して様子を見て、使用停止を解除したところ再度診断異常が発生した。今は使用停止をかけたまま。列車は無く、画像が出ていなかった」連絡。信号係員とメーカー係員が打合せたところ7番線のカメラ2の不良と判断。夜間作業にてメーカー係員と合同調査を行い当該カメラのレンズを交換。機能試験及び現車にて異常ない事を確認した。	6
定常監視にて「山手貨 新宿 ES形転てつ機123ｲ 転てつ機状態異常」発生回復を検知。詳細故障情報を確認したとろ０DH(KR-SW故障)であることが判明。信号係員及びメーカー係員に状況連絡し、メーカーにてジャーナル解析を行った。ジャーナル解析によりＫＲ-SWのＯＮ、ＯＦＦ情報が1.3ｓ途絶えていたため、軽故障となっていることが判明した。メーカー見解にて6ｓ以上情報が途絶えると重故障となり、電源の入り切りが必要となるため、ＭＣにて監視を続け、夜間にて123号ィのモーター交換を行い、確認試験にて異常なし。現車にて異常のないことを確認した。	3
JEIS中央指令より「高田馬場の情報端末の遅延モニタの時刻が更新されない」連絡。山手線新宿～田端間の他駅でも同事象となっていることが判明。池袋駅の駅情報CSの再立上げするも事象回復せず。その後、輸送指令より「GD卓より山手線池袋駅の延発入力が行えない、新宿～池袋・外回り、池袋～田端・内周りの運済みが反映されていない」連絡。メーカーにて調査したところ池袋RCS2系(主系)のリモートアクセスが行えない状況のため、情報量が多くなり不具合が発生していると判断。RCS2系を停止し、1系主系に切替を行い、メーカーにて健全性の確認を行った。駅に情報CSの状況を確認したところ正常動作の連絡。夜間作業にてメーカー立会でRCSの調査を行った。RCSの両系の再立上げと関係ハードウエアの交換を行い、健全性と現車にて異常のないことを確認した。	7
定常監視にて「山手貨　新宿　青山街道踏切[山手貨2]　LDR　青山障」発生/回復を検知。以降、列車通過時に発生/回復を検知。信号係員が現地にて障害物検知装置の試験発光を行ったところ、障害物検知装置投受光器（R9）が点かないことを確認した。調査したところ、障害物検知装置投受光器（R9）の向きが一致していない為、マージンが取れていないことが判明。投受光器の光軸調整を行い、現車確認にて異常のない事を確認した。	8
定常監視にて「東京総車 東京総合車両セ 東京総合車両セRH(1) SMET軽故障」、「東京総車 東京総合車両セ 東京総合車両セRH(1) SMET 自システム外又は軌道回路故障」、および「東京総車 東京総合車両セ SMETモニタSMET架5-1系 SMET-モニタ間伝送故障」発生/回復を検知。遠隔モニタで確認したところ、５架の1系の玉込めが「６」となっていることを確認。また警報表示にて「SMET:5　系:1　低電圧検知」、「装置故障」、「SMET通信異常」発生/回復を検知していた。メーカと打ち合わせ、ユニット故障と判断、現地で信号係員が予備品と交換し異常のないことを確認した。	1
輸送指令より「山手貨物渋谷～新宿間の下り4用の中継信号機の真ん中の電球が切れているように見えるとの連絡が渋谷駅よりあった」連絡。その後、列車確認にてコモン球は点灯していた連絡。信号係員が現地確認をしたところ、停止現示でコモン球のみ点灯で、両サイドの電球が滅灯している状態である事が判明。調査の結果、下4HPRリレーの接点に焦げがある事が判明。リレーを交換して、停止現示が正常に点灯した事を確認。現車にて異常のない事を確認した。	9
定常監視にて「東京総車　東京総合車両セ　東京総合車両セRH(1)　SMET軽故障」、「東京総車　東京総合車両セ　東京総合車両セRH(1)　SMET自システム外又は軌道回路故障」発生/回復を検知。遠隔モニタで確認したところ、SMET7架の１系の玉込めが「７」となっており、警報表示にて「SMET通信異常」「装置故障」「低電圧検知」発生/回復を確認。信号係員が現地にて玉込めリセットを行ったが、再度同事象発生。メーカーと打合せの上ユニット故障と判断し、SMET７架-１系ユニットを予備品と取替え異常の無いことを確認した。	1
システム監視にて「山手　大崎（電）　諸設備１　諸設備入出力装置停止Ｎｏ．１」、及び他アラームを検知。その後輸送一斉にて「大崎、五反田、目黒、恵比寿、渋谷、原宿、代々木でCRTフリーズ、及び案内放送が無い状態」の伝達。メーカー解析の結果、RCS2系の情報系通信において送信はできるが受信は出来ない状態である事が判明。信号係員とメーカーで連絡を取り、列車間合いにてRCS2系の系切替を指令にて行うも切替わらず。再度間合いを調整し現地のRCS2系電源を切り、1系を主系に切替えたところ、旅客案内装置の回復及び各駅の案内放送の回復を確認した。その後メーカーと合同でRCS2系のS-11のボード（LANPS）を交換、再立上げを行い正常動作を確認した。	7
輸送指令より「新宿駅２番線から大崎方に出発する上り１４５６F列車乗務員より出発信号機１７Ｌにおいて進行現示と注意現示の煽りを２～３回認めた。その後は発生していない」連絡。ＡＴＯＳジャーナルを確認したところ不正落下等の警報を検知していなかったがＡＣＰ現場機器制御ジャーナルを解析したところ発生時刻付近において貨上り１３、８ＬＴ及び１７Ｌの変化情報を多数検知していた。施設係員と合同調査したところ（原宿駅）５２Ｔと（新宿駅）８ＬＴとの絶縁部においてフローが発生していることが判明、施設係員が夜間間合いにて処置を行った。	0
システム監視にて「中央本 新宿（列） 不正落下発生 254T」検知。また定常監視にて「中央急行 新宿 運行管理用I/F装置 301形 軌道回路故障」検知。その後システム監視、定常監視とも回復を検知。設備指令卓及び輸送一斉にて進路構成ができたことを確認。信号係員と施設係員とで合同調査を行ったところ、分岐器255号内の絶縁部に鉄片が介在したことを確認。施設係員が撤去を行った。その後、間合い抑止にて再度合同調査を行い、異常のないことを確認した。	0
システム監視で「埼京山貨 大崎(列) 装置故障 発生 電子端末」発生回復を多数検知。その後「埼京山貨 大崎(列) 駅中間停電発生 埼京山貨 上り」発生回復を多数検知。それに伴い、設備指令卓で大崎駅構内の停電表示煽り及び、仮列番発生と安全側線支障表示を検知。信号係員が現地確認したところ、大崎駅機器室にある電子端末No.2のⅡRSCORリレーが動作落下を繰返し、コンソール部の正常LEDがG→R表示を繰返しているのを確認。また電子端末全架でTEXOTBシートのLED表示煽りを確認した。メーカーと連絡を取って調査したところ、電子端末No.2の1系LST1シートの不良と判明したため、当該シートの交換を行い復旧。LED及び指令卓の表示が正常となった事を確認した。	7
システム監視にて「田端　2系不正落下発生　山下8-9T」及び定常監視にて「京浜東北　田端　電車RH運行管理用　軌道回路（運行管理）故障」発生検知。その後輸送一斉にて上記伝達。指令にてATOSジャーナルの確認を行い、山下8-9Tが落下したままであることを確認するとともに、D-ATC端末で山下8Tが不正落下を発生している事を確認した。輸送一斉にて「駒込駅社員がホームから線路を確認したところ、外回り線路で雨水が大量に流れている」伝達。その後不正落下は自然回復した。信号係員が現地確認を行い、水がレール底部を被い流れている状況を確認。土木技セと線路上の排水を行う事を打合せ、つまっていた排水溝の整備を行い、水捌けが良くなった事を確認。現場設備に異常のない事を確認した。	1
信号係員より「池袋運輸区より、4番線N4Tに在線表示が残っている連絡があった。現在、メーカーと連絡を取りながら、機器室で確認している」連絡。その後、CTC駅装置の再立上げを実施。現地詳細確認したところ、CTC駅装置の1系が使用系の時に発生し、RIO44シートに不具合があることが判明。終日、2系を使用系とし、信号係員を信号扱所に配置し監視とした。夜間作業にてCTC駅装置の1系の当該シート交換を行った。	10
夜間作業にて信号係員より「総合検査にて、山手線池袋駅258号ES転てつ器のコネクタ受け側のプラスチックにひびがあり、接続できない」連絡。信号指令にて予備品手配を行い、現地信号係員へ、ケーブル接続し仮復旧処置を行い、翌日の夜間に本体の取替を行うよう指示。翌日の夜間作業にて本体取替・試験を行い、異常の無いことを確認し、現地を引上げた。	3
システム監視にて「埼京川越山貨ﾙｰﾌﾟ　BCM停止」「埼京川越山貨ﾙｰﾌﾟ　SBCﾏｽﾀ　ｽﾚｰﾌﾞ切替（A系:ﾏｽﾀ、B系:ｽﾚｰﾌﾞ）」「埼京川越山貨ﾙｰﾌﾟ　ﾘﾋﾟｰﾀ状態　A系:正常　B系:正常」を検知。指令にてシステム監視のステーション状態監視を確認したところ新宿（列）ゲートウェイのBCM3が停止状態となっていた。メーカーと信号係員が現地LED状態を確認しBCMボード３（BCM-B1シート）の不良であることが判明。BCMﾎﾞｰﾄ３（BCM-B1シート）を交換し、健全性の確認を行い異常がないことを確認した。	11
輸送一斉にて「山手貨物線　上り　渋谷～恵比寿間　2260Yにて第8閉そくがG→Yに現示ダウン、前方の第7閉そくもY→YYに現示ダウンの申告があったがその後現示回復したため運転再開した。信号指令で何か検知してないか」伝達。信号指令にて定常監視を確認したところ第8閉そくと第7閉そくの現示ダウンを確認。また、ATOSジャーナルを確認したところ、軌道回路の不正落下は発生していないことを確認。信号係員が現地を確認したところ信号設備に異常は見られなかった。念のため、上り7閉そく器具箱内のATS-Pの現示アップに使用しているリレー上7HySLPRを交換し、データ測定および現車にて異常のないことを確認した。	0
輸送一斉で「山手　池袋構内　作業確認。線路閉鎖がかかっているため入区の入2454Gが上り入出区線から12番線に入区できない」伝達。設備指令卓で確認したところ、信号作業で入出区線（712T、22LT）を支障していることが判明、線路閉鎖解除の手配を行った。線路閉鎖解除・作業員退避完了を確認して信号一斉で輸送へ伝達を行い、入2454Gが入区した。	5
システム監視にて「大崎(列)　不正落下発生　162T」および「大崎(列)　不正落下発生　161ｲT」発生を検知。定常監視にて「山手貨　大崎　大崎列車RH　電子連動新形　軌道回路故障」発生を検知。信号係員と施設係員が合同で現地調査を行ったところ、162T・161イT間の進行左側絶縁箇所にある締結装置付近を測定器で確認したところ、軌条電流が流れている事が判明。施設係員にて締結金具のフックボルトを外したところ、軌条電流が流れなくなった事を確認し不正落下が回復した。夜間作業にて再現を試みたが再現はしなかった。施設係員で絶縁箇所の解体・取替を行い、信号係員にて軌道回路データ、及び現車にて異常のないことを確認した。	1
夜間作業のパートナー会社社員より「新宿駅の画像式転落検知装置のカメラの検査・カメラレンズ清掃を行っていたが、１５番線No.6のカメラでの検査でシルバーの検知体は検知するが、黒の検知体は検知しない」連絡。駅の監視盤で１５番線No.6カメラの使用停止を行い、電報で一時使用停止手配を行った。	6
定常監視にて「山手貨　渋谷　転落下り動作　渋谷(山貨)」発生を検知。輸送一斉にて「転落検知動作のまま。駅係員が復帰扱いするも復帰出来ない。駅係員で使用停止を行う」伝達。信号係員が現地確認したところ、3番線の1ブロックで監視盤の正常ランプが滅灯の後に自然回復を確認。メーカと連絡をとり調査したところ、ケーブル又は検知マットの不良が疑われると判断。日中帯にケーブル絶縁測定を行ったが、異常が見られなかったため、夜間に検知マットの交換を行い、試験にて正常動作を確認した。	6
定常監視にて「山手貨　大崎　P-大崎上2場32L　符合処理器（EC）故障」発生を検知。信号係員が現地を確認したところ、NFB6（1.5A）のトリップを認め、投入しEC再立上げするも再度NFB6トリップ。EC再立上げ時に「中継器（RP）No.2故障」も発生するため、RP2への回線を切り離したところ回復。RH～地上子間ケーブル又は地上子及びクロージャの不具合と予測し、夜間作業にてクロージャを開けたところ内部に水が浸入しており、保安器でショートしていることを認めたため、地上子ケーブルの直接続を行ない復旧した。	2
システム監視にて「山手　新宿　FX　2系不正落下発生　C2LT」発生・回復を検知。定常監視にて「中央急行　新宿　運行管理I/F装置301形　軌道回路故障（電車）」発生・回復を検知。ATOSジャーナルを解析したところ抜け際の煽りと思われる事象を確認した。夜間の間合いにて施設と合同で調査したところC2LTとD2LT（SMET）の進行右側レール絶縁頭部に鉄片の介在を認め、再現試験にてレベル低下を確認した。	1
定常監視にて「山手貨　池袋　電子ASRH　MTD停電４架」、「山手貨　池袋　電子ASRH　MTD軽故障４架」発生／回復を検知。MTD遠隔モニタおよびATOSジャーナルで確認したところ、MTD１系のみTR落下を検知。MTD２系およびATOSジャーナルではTRの落下はしていないことを確認。メーカーに状況説明し確認したところ、MTD架に実装されている１系のAINユニットにて一時的にエラーが発生した事により停電及び軽故障が発生したことが疑われるため、当該ユニットの交換が望ましいとの見解から、列車間合いにて予備品と交換しLED点灯状態並びに現車で異常のない事を確認した。	1
定常監視にて「山手　池袋　画像式転落検知装置（山手　内回　6番線）重故障」発生検知。池袋駅より「No.5カメラにて診断異常を検知したので、使用停止スイッチを扱った」連絡。信号係員が現地確認したところ、No.5カメラで自己診断異常を検知し、カメラの不良と判断。電報にて、No5カメラの一時使用停止手配を行った。	6
定常監視にて「山手貨　大崎　大崎電車RH　電子連動新型　軌道回路故障」発生回復を検知。及びｼｽﾃﾑ監視端末より「埼京山貨　大崎(列)　不正打上発生165T」「埼京山貨　大崎(列)　軌道回路故障回復」を検知。その後、輸送一斉にて「大崎165Tにて不正扛上が発生。現在は回復している。信号で調査してほしい」伝達。信号指令にてｼﾞｬｰﾅﾙを確認したところ、列車が167Tに進入して約2秒後に165Tが落下、その後4秒で動作し不正扛上発生。165Tは不正扛上後、5秒後に落下している事が判明。信号係員と施設係員が合同で調査を行った。165号転てつ機周りに支障する物は無く異常なし。ZB及びﾎﾞﾝﾄﾞを確認したが、緩み･ﾎﾞﾝﾄﾞ外れ等の異常は無かった。167/165TのZBに帰線電流計を設置し、機器室にてﾒﾓﾘｰﾊｲｺｰﾀﾞを設置して現地を引上げた。夜間作業にて施設係員と合同でﾚｰﾙ絶縁解体調査を行い異常無し。軌道回路の送電及び着電ｹｰﾌﾞﾙの絶縁調査を行い、異常が無い事を確認した。帰線電流計を165T着電側に変更した。	1
輸送指令より「山手貨物　恵比寿～渋谷　下り第七閉そくにて試9353MがG→Yへ現示ダウンを認めた」連絡。指令で定常監視のジャーナルを確認したところ下７閉そくと下６閉そくの現示ダウンを確認。尚、ＡＴＯＳジャーナルを確認したところ、軌道回路の不正落下は発生していないことを確認。信号係員が現地を確認したところ信号設備に異常は見られなかった。沿情のジャーナルを確認したところ、当該列車で下８－２までは中減速として地上側で受信していたが下８－１で車上からの電文が地上側で低減速で電文受信しているため現示ダウンが発生したことが判明。現地ではデータ測定を行い、現車で異常の無いことを確認した。その後運用指令より車上データを受領し、MUE TRAIN走行試験時に仕業カードレス伝送試験に伴いカードの抜き差しを行っていたことが判明した。	12
システム監視にて「大崎(電)　装置故障　電子端末」発生回復を繰返す。その後、発生のまま。信号係員が現地確認で電子端末２架、転てつ機制御TPOINT2の１系ユニット(41号42号43号)とＴＣＰＵ1-Fの１系ユニットに異常ランプの点灯を確認。TPOINT2の１系ユニットの不良と判断。ユニット交換を行い回復。転換試験と現車確認で異常のない事を確認した。	7
システム監視で「埼京山貨　池袋（列）　転てつ器再転換発生　702」を検知。指令でATOSジャーナルで確認したところ、2229M列車が進路構成の際、電気転てつ機702号がN→R転換時に再転換となっていたことが判明。信号係員が施設係員と合同で確認したところ、ベアリング床板のベアリングカラーが外れ、床板からベアリングが外れていた。外れたベアリングは見つからず、床板に傷が付いていた。輸送指令と打ち合わせ、間合抑止で状態確認をしたところ、R側の密着が強かったため、調整を行った。原因の特定に至らなかったため、信号係員が夕方のラッシュ時間帯に監視を行った。夜間にて施設係員と合同で、転てつ機本体の調査と交換を行い、転換試験にて異常の無い事を確認した。	3
定常監視にて「山手　池袋　池袋MRH　HDD故障（表示制御盤2）」発生を検知。信号扱所に状況確認したところ、赤メッセージと警報音が鳴動していることが認められた。信号係員が現地にてメーカーと打合せを行いながら確認したところ、表示制御盤2のHDD(2重系)が2個中1個故障していることが判明。日中帯にメーカーの予備品と交換を行い、健全性確認にて異常のない事を確認した。	7
定常監視にて「山手貨　新宿　厩道踏切　踏切支障報知装置扱い」「山手貨　新宿　厩道踏切　障害物検知装置動作」「山手貨　新宿　厩道踏切　LDR厩障検」を検知。現地で立会いを行っていた信号係員より「タクシーが虜になったのでPBを扱った。車は踏切外に脱出している」連絡。信号一斉にて「現地係員より山手貨物線　新宿駅構内　厩道踏切にてタクシーが虜になったのでPBを扱った。車は踏切外に脱出している」伝達。輸送一斉にて「信号係員にPB復帰扱いの要請」伝達。信号一斉にて「踏切の安全確認がとれたのでPBの復帰扱いを行った」伝達を行った。	8
定常監視にて「中央急行　新宿　軌道回路故障」発生・回復を検知、システム監視にて「新宿(列)　貨下り１T不正落下」発生･回復を検知。輸送一斉にて「山手貨物　大崎～新宿　下１不正落下を確認」伝達。信号一斉にて「発生・回復を確認」伝達。施設指令へ状況連絡を行い、ATOSジャーナルにて下り単9941が下１T通過中に軌道回路の煽りを確認。又、低速での走行を確認。次列車以降で同現象は発生していない。信号係員と施設係員合同で調査し、現場異常なしを確認。	1
定常監視で「山手 大崎 大崎（電車）RH 信号機器コントローラ 電子端末2 軽故障」発生/回復を検知。またシステム監視で「山手 大崎（電）装置故障 電子端末」発生/回復を検知。信号係員に出動指示とともにメーカーに対応を要請。現地確認したところ、信号機器コントローラ電子端末部のTWDT2系の玉込めが1つ減っていることを確認。玉込めリセットを行い、正常動作を確認した。その後、ATOS連動ジャーナルをメーカーに解析依頼。解析の結果、MB5の電子端末部2系の外部出力Bユニット(TEXOTB2)が一時的に故障したことが判明。同ユニットの交換を行い、正常動作を確認。現車にて異常のないことを確認した。	7
池袋駅より「池袋運輸区16番線入区の際、808Tが一瞬９番線の方も短絡表示となった」連絡。信号係員がリモートで障探を確認したところ、入区車両が軌道回路808Tを通過中に、YS形電気転てつ機808号の定位表示が２回瞬時切れていることが判明。信号係員と施設係員が現地合同調査を実施したところ、接着やレール周り等に異常は認められなかったが、念のため808号定位側の回路制御器の調整を行い、転換試験にて異常の無いことを確認した。	3
輸送一斉で「山手線内回り1904G列車で車内信号を受信し停車。手動設定で進行を現示」、その後「1904G運転再開、後続1928G列車で確認し異常なし。内周り全線抑止解除」伝達。信号指令では故障情報の発生は無い回答。ATOSジャーナルを確認したところ1904G列車に対し列番修正シフトが行われ、再度駅中間窓に逆シフトが行われていた、そのため進路が設定されなかった事が判明。輸送指令に確認したが列番修正は行っていないとの事なのでATOS機能調査依頼を行う事とした。	5
輸送一斉にて「山手線　内回り　原宿～渋谷間走行中の2428G運転士より×信号受信した。信号指令にて故障検知あるか」伝達。信号一斉にて「故障検知していない」伝達。信号指令にてD-ATCジャーナルを確認したところ警報出力無しを確認。念のため、DPA-SRボードの交換とクロージャーを揺すって受信レベルに変動ないことを確認した。	2
システム監視にて「埼京山貨　池袋(列)　転てつ器再転換発生　716　83LG」を2回検知後、「埼京山貨　池袋(列)　転てつ器転換異常　716　83LG」を検知。定常監視にて「山手貨　池袋　電子連動アダプタ　電子MRH　転てつ機故障(転換不能)」発生を検知。駅係員が716号ロを手回しハンドルにてN側に転換後に鎖錠を行い運転再開。その後列車抑止間合いにて信号係員が調査したところ、転換トルクが大きく動きが重いことを確認し転てつ機の不具合と判断。再度列車抑止間合いにて転てつ機本体を予備品と交換して転換試験及び現車にて異常のないことを確認した。	3
定常監視にて「中央急行 新宿 運行管理I/F装置 進路制御系片系故障」、システム監視にて「新宿(列) ACP9-2系 異常発生」を検知。信号係員が現地の現場機器モニタで確認したところ、ACP停止とANC(1)状態異常発生を確認。メーカーへ対応要請を行い、ACP9-2系の再立上げで故障回復。その後、ジャーナルをメーカーに送付し解析を要請。解析の結果SCNボードの不良が考えられるため、夜間メーカー立会いのもとボード交換を行い異常の無い事を確認した。	7
システム監視にて「埼京山貨 池袋(列) 不正扛上発生 702T」、定常監視にて「山貨 MTD レベル低下・妨害波・残留警報レベル・未通過検知3架」、「軌道回路故障」発生を検知。信号指令にて遠隔モニタを確認したところ、702Tにて残留電圧異常が発生していることを確認。施設係員と信号係員にて現地確認したところ114LTとの絶縁付近に鉄粉および鉄片があったため除去。軌道回路データが正常であることを確認した。	1
定常監視にて「山手貨　池袋　接点２１　電子MRH　MTDレベル低下・妨害波・残留警報レベル・未通過検知１架」「山手貨　池袋　電子アダプタ　電子MRH　軌道回路故障」発生を検知。システム監視にて「埼京山貨　池袋（列）　不正落下発生」を検知。信号指令にてMTDモニタを確認したところ、残留危険レベル及び警報レベル検知が発生/回復していることを確認。信号係員及び施設係員が合同調査を行ったところ、719T＝貨上1Tのレール絶縁部に原因と思われる多量の鉄粉を認めたため除去。軌道回路データ及び現車にて異常のないことを確認した。	1
定常監視で「山手　新宿　画像式転落検知装置(電車)14番線　重故障R」発生回復検知。新宿駅扱所へ状況確認したところ「No.3で自己診断異常のメッセージが出ている。使用停止をかけているが、使用停止解除すると故障メッセージが表示される」回答。使用停止解除したところ再度重故障発生となったため、駅にて使用停止を扱い、電報にて一時使用停止とした。夜間にて信号係員とメーカが調査したところ、No.3に内蔵されているカメラAの輝度オートフォーカスが弱く、映し出された映像が暗くなり不一致判定されたことが判明。No.3のカメラAを交換し、機能確認試験にて異常の無いことを確認した。	6
システム監視にて「池袋（電）　不正落下発生　204Ｔ」及び、定常監視にて「山手　池袋　軌道回路故障」発生回復を検知。信号係員と施設係員にて合同調査したところ、204号分岐器のクロッシング部のレールボンドが脱落していることを認めた。施設係員が抑止間合いにて、応急復旧ボンドで仮復旧するも再発したため、再度抑止間合いにてレールボンドの本復旧を行い回復。その後、データ測定及び現車確認にて異常の無いことを確認した。	1
信号Ｐ社係員が6月８日の夜間作業中に、山手貨物線大崎～新宿のATS-S地上子下２Ｑ２の破損を発見。信号係員が現地を確認したところ、電文・Q値は正常であったが、中が見えるほど破損していたため、６月１０日の夜間作業で使用停止カバーを取付け、電報手配で使用停止とした。	2
システム監視にて「池袋（列）　装置故障発生　信号機器コントローラ1系」発生・回復を2回検知。定常監視にて「山手貨　池袋　電子アダプタ　電子MRH　進路制御系片系故障」発生・回復を2回検知。信号係員が現地確認したところ、統括制御部の玉込めが2個減っており、系切換が発生していることを確認。メーカと打合せを行い、総括制御部RS485-Cユニット不良と判断。予備品と交換し、健全性確認にて異常なしを確認した。	7
定常監視にて「山手貨　池袋　電子BSRH　MTD軽故障5架」発生回復を検知。ATOSジャーナルにて停電Rの落下、遠隔監視モニタにて池袋BSRH　MTD1架に収容されている全ての軌道回路が瞬時落下している事が判明。同RHにあるMTD2架の軌道回路は落下していない事を確認した。信号係員が調査しメーカと打合せたところ、MTD1架の電源ユニットに不具合があると思われる。念のため夜間作業にて電源ユニットの交換を行った。	1
システム監視にて「池袋（列）装置故障　発生　電子端末」を検知、その後、「池袋（列）装置故障　回復　電子端末」を検知。信号係員が機器室にてジャーナルを確認したところ端末４の転てつ機ユニットの警報を確認。メーカーと打合せ２系（従系）TPOINT2ユニットの不良と判断。列車間合いにて取替えを行い回復。現車にて正常動作を確認した。	7
システム監視にて「池袋（列）装置故障　発生　電子端末」を検知、その後、「池袋（列）装置故障　回復　電子端末」を検知。信号係員が機器室にてジャーナルを確認したところ、電子端末４で1系から2系への定時系切替のタイミングで転てつ機ユニットの警報を検知、系切替は行われず1系のままであることを確認。メーカーと打合せ2系のTCHR2-Bを取替、手動系切替を行うも回復しないため日中帯に監視体制を取ることとした。メーカーと信号係員にて調査を行っていたところ、信号機コントローラの2系に用いる24V電源用ヒューズの断ランプ点灯を認めた。夜間にヒューズ交換を行い断ランプが消灯、手動及び定時での系切換、並びに機能確認試験を行い、現車にて異常のないことを確認した。	7
輸送一斉で｢4:22大崎駅で東京総合車両センターより出区の進路が自動で構成しない｡信号係員が扱所にいるようなので確認して欲しい｣伝達｡現地信号係員に確認したところ､作業により進路構成が自動から手動に切替わっていたことが判明｡進路構成を自動に切り替えて､正常に進路構成することを確認した。	7
定常監視にて「山貨　渋谷　転落上り動作　渋谷(山貨)」発生を検知。信号係員より「線路内を移動中に誤って転落検知マットを踏んでしまった」連絡。信号指令と輸送指令で打合せのうえ、駅にて復帰扱いを行い回復。駅に状況説明を行い、線路閉鎖を解除し作業を中止した。	5
定常監視にて「山手　五反田　五反田SSH　列防動作　五反田　内回り（1番線）」発生/回復を多数検知。システム監視にて「山手　大崎（電）　信号制御異常　8LS」発生を多数検知。その後、輸送一斉にて「山手線　五反田駅　内回り1番線の転落検知マットが復位できないため使用停止する」伝達。信号係員が現地確認したところ、現場設備に異常は見られなかった。また、VAMデータを解析したところ、落下検知リレーB1B、B2B、B3Bは落下していないため、その反応リレーBBPの不良と判断。夜間にて関係するリレー（SM-480）を30個予備品と交換し、機能確認試験及び現車にて異常のないことを確認した。	9
定常監視にて「山手貨　新宿　厩道踏切[山手貨３]　踏切支障報知装置扱い」発生を検知。信号係員より「現地へ復位に向かう」連絡。信号係員が現地を確認したところ、踏切道内に支障物が無いため、踏切支障報知装置を復位した。	0
定常監視にて「山手　池袋　列防動作　山手外回(7番線)」「同　山手内回(5番線)」「同　山手内回(6番線)」「同　赤羽・山貨　4番線」発生、システム監視にて「山手　池袋(電)　信号制御異常　2RO」「同　27RYF」「同　6LU」を検知。輸送一斉にて「17:48　山手線内回り1734G急病人救護のため列停扱い。その際外回り1705Gが×信号受信し停車し車上に『EBパターン超過』の表示が出たため車上装置のリセットを行うも再度同表示のため停車中」伝達。信号指令にてD-ATCジャーナルを解析したところ、列停扱いの影響により、1RTに対する停止距離が2RO外方に変化し速度超過となって停車したことが判明。その後、信号係員が目視にて現地確認を行ったところ送着導線も大きく離れておらず異常なし。夜間にて軌条データ測定を行うこととし現地引き上げた。	2
システム監視にて「埼京山貨　大崎(列)　不正落下発生　103T」、及び定常監視にて「山手貨　大崎　軌道回路故障」発生／回復を検知。信号扱所に確認したところ、「入8898Mが工場に入区する際に発生回復した。今日1本目の入区である」連絡。ATOSジャーナルで103T抜け際に軌道回路が煽っていることを確認。信号係員と施設係員で現地合同調査を行ったところ、レール頭部に錆が付着していることが判明した。その他現場設備、軌道回路データを測定して異常のないことを確認した。	1
定常監視にて「山手　池袋　運行管理I/F装置 池袋MRH　進路制御系片系故障」発生及び、システム監視にて「池袋(電)　１系　ハード異常（errcd=07335302-uno=1f5）」「池袋(電)　１系　装置故障 発生(装置応答なし)」発生を検知。信号係員が現地確認を行ったところ、RCS1系が892でイニシャル中であることを確認。メーカーのジャーナル解析にて、RCS1系のLANP-Sボードの故障であることが判明し、メーカー係員にてLANP-Sボードの交換を行い、異常のないことを確認した。	10
施設指令より「新宿駅14番線にてMTTが転落検知マットを破損させた」連絡。信号係員が現地にて14番線ブロックNo.5の転落検知マットの台座が破損している事を確認。機能確認試験で異常のないことを確認したが、誤動作する恐れがあるため、電報にて一時使用停止手配した。	6
定常監視にて「山手貨物　恵比寿～渋谷　下り８　一部断芯・短絡　R現示」を発生検知。指令より断芯リセットを行たが回復しないためMC出動を指示した。信号係員が現地確認したところ、リレー接点、電圧電流共に異常無し。念のため指令より下り８HSLRリレーの交換を指示。リレー交換後現車及び電圧を測定し異常ないことを確認した。	0
輸送一斉にて「1110G列車が山手線渋谷駅到着の際、×点信号中」伝達。その後、1110G列車は非常運転で小移動を行い所定現示を受信し運転再開。後続列車でも異常なしを確認。信号指令にてATOSジャーナルを確認したところ、1110G列車が山上33Tに進入後停車していることが判明。輸送指令に状況確認したところ、先行列車の1116Gが渋谷駅出発の際、駅員の赤色旗を認めて停車。そのため、後続列車の1110Gが渋谷駅進入の際、停車したとの情報。信号係員と施設係員で現地合同調査したところ、レール周りに異常の無いことを確認した。念のため夜間にてデータ測定及び添え線とレールの離隔を修繕することとし現地引き上げた。	2
甲１作業中の信号係員より「山手線 原宿駅構内 内外回りの立番用出発時機表示器増設工事を行ったが、機能確認試験にて増設したSGが点灯しない」連絡。信号指令より現地信号係員へ元に戻すよう指示。戻し作業を行い機能確認試験にて異常ないことを確認した。	11
定常監視にて「山手　池袋　運行管理I/F装置　池袋MRH　進路制御系片系故障」発生及びシステム監視にて「山手　池袋(電)　２系　ハード異常(errcd=07335302-uno=1f5)」「山手　池袋(電)　２系　装置故障　発生（装置応答なし）」発生を検知。信号係員が現地確認を行ったところ、RCS２系が８９２でイニシャル中であることを確認。メーカーのジャーナル解析にて、RCS２系のLANP-Sボードの故障である事が判明し、メーカー係員にてLANP-Sボードの交換を行い、異常の無いことを確認した。	10
新宿駅より「新宿1番線ホームで列停を扱ったがホーム上の列停警報機が鳴動および点滅しなかった」連絡。信号係員が現地を確認したところ、列停警報機に繋がっているNFBが飛んでいることを確認し投入を行った。夜間作業にて列停の動作試験を行ったところ、列停SWを扱った際34.2Aであることが判明。調査を行った結果、列停警報機１K7でショートしていることを確認。１K７を切り離し、電報にて使用停止を行った。	0
定常監視にて「山手　池袋　列防動作　山手外回(7番線)」発生を検知。その後、発生回復を繰返す。輸送指令より「山手線　池袋駅　外回り　７番線の９～10号車付近の転落検知マットが不具合のようである。動作、復位を繰返したが復位できなくなり使用停止(当該箇所のみ)を行った」連絡。信号係員が現地確認したところ検知マット上にケーブルが載っていることが判明。駅に状況説明し夜間の間合いで調査することとした。夜間の調査で当該7番線に臨時の滞泊列車があり詳細の調査が出来なかったが、検知マット上に載ってたケーブルを除去しても回復はしなかった。当該5ブロックの入力電圧はあり出力電圧なしを確認したが、滞泊列車のため詳細調査は後日行うこととし電報にて使用停止手配を行った。	6
信号P社社員より「新宿構内2番線で列停の検修を行っていたが、特発XF-2の一部が点滅しない」連絡。信号係員も現地で特発の状態を確認したところ一部点滅しないことを確認。予備品の手配を行い後日交換することとした。	6
システム監視にて「山手　池袋(電)　PRC2系　ハード異常(errcd=07335302-uno=1f5」「山手　池袋(電)　PRC2系装置故障発生(二重系相手系停止)」「山手　池袋(電)　PRC2系　装置故障発生（装置応答なし）」発生及び、定常監視にて「山手　池袋　運行管理用Ｉ／F装置　池袋MRH　進路制御系片系故障」発生を検知。信号係員が現地確認を行ったところ、RCS2系が892表示でイニシャル中であることを確認。メーカのジャーナル解析にて、RCS２系のLANP-Sボードの故障であることが判明し、メーカ係員にてLANP-Sボードの交換を行い、異常のないことを確認した。	7
システム監視にて「新宿（電）不正扛上発生　B１０RT」を検知。信号指令にてATOSジャーナルでB10RTのあおりを確認。その後断続的に不正落下が発生回復を繰返した。信号係員が現地出動し調査したところZB導電を延長した際にできる接続点が単管パイプ（新宿工事区にて26日夜取付け）と接触し短絡していることが判明。ZB導線接続点を養生し回復。夜間にてZB導線接続点を補修して機能確認試験にて異常無いことを確認した。	1
輸送一斉にて「15:53　山手線　新宿　内回り　1520G到着の際、第３場内進路付近にて瞬時×信号受信し停車。信号指令にて故障等検知しているか」伝達。信号一斉にて「故障検知なし」伝達。後続列車では所定信号を受信。信号係員がホーム上より目視にて確認行ったところ異常は見られなかった。夜間、10日夜に当該箇所で作業を行っていた宿電シ区信号係員と合同でATC短絡電流の測定等を行い現車にて異常の無いことを確認した。	2
輸送一斉にて「13:41 山手線内回り1222G 新宿駅進入の際、×信号受信し10k700m付近に停車。リセットを行い正常に信号を受信したため運転再開する」伝達。施設係員と合同でホーム上から絶縁廻りを確認するも設備異常なし。その後、機器室でデータ測定を行うも異常は見られなかった。終電後、夜間作業にて誘導を受けている可能性のあるB10RT/C10RTの送着導線の収容箇所変更を行い、データ測定及び現車にて異常の無いことを確認した。	2
定常監視にて「山手貨　池袋　電子MRH　MTDレベル低下・妨害波・残留警報レベル・未通過検知2架」発生を検知。信号指令で遠隔モニタを確認したところで72OイTで残留警報を検知していた。ATOSジャーナルで当該時間4002M列車が場内信号機116LHの進路で運転したことを確認。信号係員と施設係員が合同で調査したところ720イTレール面上に錆があることを確認した。	1
定常監視にて「山手貨　大崎　大崎列車ＲＨ　電子連動新型　軌道回路故障」発生回復およびシステム監視にて「埼京山貨　大崎（列）　不正落下発生　山貨上り１Ｔ」発生回復を検知。信号指令にてATOSジャーナルを確認したところ、列車非在線時に約４秒間落下していたことが判明。施設係員が現地にてレール周り、ボンド類に異常の無い事を確認した。機器室を確認したところ後方送電回路で使用している31LHｙRの接点が焦げていることを認めた。輸送指令に間合い抑止を要請しリレーの取替えを行いメモリーハイコーダを設置し継続監視することとした。現車にて異常の無い事を確認し現地引き上げた。	1
定常監視にて「山手　池袋　池袋MRH　軌道回路故障」発生及び、システム監視にて「山手　池袋（電）　不正落下発生　204T」「山手　池袋（電）　不正扛上発生　1RT」を検知。信号指令にてATOSジャーナルを確認したところ、202Tが列車在線にもかかわらず落下検知していないことが判明。信号一斉にて山手線外回りの抑止要請を行った。施設係員と202Tを合同調査したところ、レールに多量の油が付着していることが認められた。列車間合い抑止にて軌道回路対照試験を行い、列車検知機能に異常のないことを確認し抑止解除を要請。現車にて異常の無い事を確認した。その後終電まで監視を行い、夜間再調査にて信号設備に異常の無いことを確認した。	1
定常監視にて「中央緩行　現場機器モニタ端末故障(電車)」及び、システム監視にて「山手　新宿　現場機器モニタ2　異常発生」を検知。信号係員が機器室の現場機器モニタにてACP01の赤表示。及びACP01警報表示でSCN異常(自発信データ帰還タイムアウト)を確認。異常時検知回数リセットを行い回復。メーカに確認でACP01(SCN)ボード1系の不良と判断。夜間間合でボード交換を行い、健全性の確認及び現車確認で異常のない事を確認した。	7
定常監視にて「山手　代々木　転落マット　転落動作　山電下　(1番線　外回り)」発生を検知。輸送指令より「復位を行ったが再度転落検知するため使用停止を行なった」連絡。信号係員が現地確認するも、ホーム上からのため詳細確認が出来ず電報にて一時使用停止手配を行なった。夜間にて現地調査したところ転落検知マット（1番線ブロックNo.5　5M、10M）本体と受台の不良と判断。予備品と交換を行ない異常ないことを確認し一時使用停止解除手配を行なった。	6
定常監視にて「山手　代々木　転落マット　転落動作　山電下（1番線　外回り）」発生を検知。輸送指令より「代々木駅より山手外回り9号車、10号車付近の転落検知マット電源を投入した際、転落検知のままとなってしまうとの連絡があった。7/4に発生した箇所と同箇所である」連絡。信号係員がホーム上より目視にて設備確認を行ったが異常は見られないため、電報にて一時使用停止手配を行った。夜間にて調査をしたところ転落検知マット(1番線ブロックNo.5 6M)本体の不良と判断。予備品と交換を行い異常の無いことを確認し一時使用停止解除電報手配を行った。	6
定常監視にて「山手貨　大崎　大崎列車RH　電子連動新型　軌道回路故障」システム監視にて「大崎（列）　FX１系　不正落下発生　山貨上り１T」発生回復を検知。輸送一斉にて「ルートが取れない」伝達。信号指令より列番シフトを要請。輸送指令より「手動介入してルート設定を完了」伝達。信号係員が現地確認し、軌道回路転極のタイミングでFVからの異音、及び出力電圧が一時的に下がる事象を確認したため、間合を確保し軌道回路調整を行った。夜間までの間監視体制をとり、夜間作業でFVの交換及び再調整を実施した。	1
輸送一斉にて「山手貨　大崎　山貨上り１Ｔ　不正落下発生」伝達。信号係員が現地確認した所、7月２２日の不正落下と同様の事象を確認。輸送指令と間合い調整を行い抑止にて軌道回路調整を実施した事により列番シフト発生。輸送指令に列番修正を要請。後続列車にて正常動作を確認した。早朝、夜間のラッシュ帯は監視体制を実施。夜間軌道回路調整を実施することとした。	0
輸送一斉にて「新宿駅外回り1935G　新宿駅進入の際、列停動作のため×信号となり、10k400m付近に停車。その後列停復位するも車上側では×信号状態が継続したため、信号指令へ無信号区間であるかの確認」伝達。停車位置はA2LTとB2LTの絶縁付近であるために、無信号となっていることが考えられるため、小移動を要請。小移動で所定信号を受信し運転再開。信号係員が夜間に現地調査を行い、送着導線のレールからの離れが50mm程度であり現場周りに異常のない事を確認した。	2
踏切フリーダイヤルにて「自動車が逆走してしゃ断機を損傷した」連絡。信号係員が現地確認したところWB3のウエイト部分及びバーホルダーが損傷しているがしゃ断機本体に異常は見当たらず、しゃ断状態も正常である事を確認。念の為夜間にて予備品と交換した。	8
定常監視にて「山手　新宿　列防動作 新宿 山外(山下TEM(電車))」「山手　新宿　転落動作 新宿 山電外(15#)」発生を検知。システム監視にて「山手　新宿(電)　信号制御異常　12LM」「山手　新宿 (電)　信号制御異常　2LU」を検知。輸送一斉にて「山手線外回り新宿駅８号車の検知マット上に何も無いにも関わらず検知マットが動作、使用停止を扱う」伝達。駅社員が確認したところ、未開封のペットボトルが検知マットを支障していることを認めてペットボトルを撤去。信号係員が現地にて検知マット上の異常なし及び当該ブロックのリレー電圧が不安定であることを確認。夜間にて詳細な調査を行ったところ、15番線4ブロック 10M本体の不良と判断。予備品の検知マットと交換し機能確認試験にて正常動作を確認した。	6
定常監視にて「山手　渋谷（山電列防）　転落動作　山電下（外回り）」「山手　渋谷（山電列防）　列防動作　山電下（外回り）」発生を検知。輸送一斉にて「駅社員がホーム下確認を行い異物除去を行ったが回復せず。使用停止を行う」伝達。信号係員が現地確認したところ監視盤の1両でLED表示が滅灯していることが判明。当該の検知マットの確認を行うがマット上に異常はなかった。夜間にて調査を行ったところ、1番線1ブロックの2M～3M間ケーブル被覆が損傷している事を認めた。鼠害によるものと判断し、ケーブルの本接続を行い機能確認試験にて異常がないことを確認した。転落検知マットの使用停止を駅社員にて解除した。	6
定常監視にて「山手貨　池袋　電子連動アダプタ電子MRH　軌道回路故障」及びシステム監視にて「池袋(列)　不正落下発生　702T」発生回復と、定常監視にて「山手貨　MTDレベル低下・妨害波・残留警報レベル・未通過検知3架」発生を検知。信号指令にてATOSジャーナル及びMTDモニタを確認したところ、702Tが列車抜け際で煽っていた事が判明。信号係員と施設係員で合同調査を行い現場設備に異常のない事を確認した。念のためメモハイを設置し継続監視する事とした。	1
輸送指令より「山貨下り2538Yが池袋駅3番線停車中に、ATS-Pの非常ブレーキ動作を受けた。9:00頃にも同事象があったため調査して欲しい」連絡。信号指令より輸送指令に確認したところ、当該車両は15両であった。信号係員が現地確認したところ、15両停目の位置に新設されたATACS用の無電源地上子があり、電文が出ている事が判明。信号指令にて信号機抑止手配を取り、地上子カバーを取付け電文が出ない処置をし、現車にて異常の無い事を確認した。	0
輸送一斉にて「11:22の1131K列車と11:31の1055F列車で山手貨物線新宿～池袋間貨下１にてATS-P常用最大ブレーキが動作した」伝達。技セ定常監視と現場ECで現示異常発生回数が多発している事を確認。メーカと検討したところリレー接点不良、ユニット不良等の不具合が考えられ事から夜間間合いにてリレー、ユニット、EC～貨下1C間ケーブル交換、及びメモハイを取付け現車にて異常のない事を確認した。	2
輸送一斉にて「12:18に1183F列車が池袋到着時ＡＴＳ-P動作、故障表示が発生した。ホームで停車し10分増延し17分延で運転再開」伝達。輸送指令に詳細確認したところ1183F列車(臨海70000系)が車両側にてATS-P故障表示、非常ブレーキ動作したことを確認。池袋構内に設置されているATACS用の無電源地上子が影響している可能性があることから念のため、信号機抑止手配にて、信号係員及び信号P社係員が地上子使用停止カバーを取付け現車にて異常の無い事を確認した。	2
定常監視にて「中央急行　新宿　ＳＭＥＴ自システム外又は軌道回路故障」、「中央急行　新宿　軌道回路故障」及びシステム監視にて「中央本線　新宿（列）　不正落下　１６ＲＨＢＴ」及び「中央本線　新宿（列）不正落下　２５８ロＴ」発生回復を多数検知。ＡＴＯＳジャーナルにて【１６ＲＨＢＴ・２５８ロＴ】不正落下していることが判明。遠隔モニタのＳＭＥＴジャーナルにて【１６ＲＨＢＴ・２５８ロＴ】レベル低下及び絶縁破壊を検知していることを確認した。輸送指令に抑止手配後、現地にて信号係員が調査を行ったところ、１６ＲＨＢＴ、２５８ロＴの境界レール上の絶縁に鉄片介在を認めた。鉄片除去を行い、【１６ＲＨＢＴ・２５８ロＴ】軌道回路故障は回復。ＳＭＥＴジャーナルにてレベルが正常に戻ったことを確認し、現車にて異常がないことを確認した。	1
定常監視にて「中央急行　新宿　P-新宿上出発18L　符号処理器(EC)故障」及び「中央急行　新宿　P-新宿上出発18L　中継器(RP)No.1故障」発生を検知。信号係員が現地にてECリセットを行うも回復せず。夜間にて地上子交換し回復。試験にて異常が無いことを確認した。	2
